<?xml version="1.0" encoding="UTF-8" standalone="yes"?>
<addon id="repository.gnext18latino" name="gNext18Latino" version="1.0.2" provider-name="gNext18Latino">
    <extension point="xbmc.addon.repository" name="gNext18Latino">
        <info>https://raw.githubusercontent.com/gnext18latino/gnext18-addon/master/repository/addons.xml</info>
        <checksum>https://raw.githubusercontent.com/gnext18latino/gnext18-addon/master/repository/addons.xml.md5</checksum>
        <datadir zip="true">https://raw.githubusercontent.com/gnext18latino/gnext18-addon/master/repositorio/</datadir>
    </extension>
    <extension point="xbmc.addon.metadata">
        <summary>Repositorio para Mi</summary>
        <description></description>
        <disclaimer></disclaimer>
        <platform>all</platform>
    </extension>
</addon>
