<?xml version="1.0" encoding="UTF-8" standalone="yes"?>
<addon id="repository.gnext18latino" name=" gNext18Latino Repo" version="1.0.0" provider-name="gNext18Latino">
    <extension point="xbmc.addon.repository" name="gNext18Latino Repo">
        <info compressed="false">https://raw.githubusercontent.com/gnext18latino/gnext18-addon/master/repository/addons.xml</info>
        <checksum>https://raw.githubusercontent.com/gnext18latino/gnext18-addon/master/repository/addons.xml.md5</checksum>
        <datadir zip="true">https://raw.githubusercontent.com/gnext18latino/gnext18-addon/tree/master/repository</datadir>
    </extension>
    <extension point="xbmc.addon.metadata">
        <summary>Summary</summary>
        <description>Descripcion</description>
        <disclaimer>Los propietarios y los remitentes a este repositorio no alojan ni distribuyen ninguno de los contenidos mostrados por estos addons ni tienen ninguna afiliación con los proveedores de contenido encontrados por los sitios gratuitos en internet.</disclaimer>
        <platform>all</platform>
    </extension>
</addon>
