<?xml version="1.0" encoding="UTF-8" standalone="yes"?>
<addon id="repository.GRecoTM" name=" GRecoTM Repository" version="2.3" provider-name="GRecoTM">
	<extension point="xbmc.addon.repository" name="GRecoTM Repository">
		<info compressed="false">http://grrepo.grecotm.com/Plugins/addons.xml</info>
		<checksum>http://grrepo.grecotm.com/Plugins/addons.xml.md5</checksum>
		<datadir zip="true">http://grrepo.grecotm.com/Plugins/</datadir>
		<dir>
            <info compressed="false">https://raw.githubusercontent.com/jsergio123/zips/master/addons.xml</info>
            <checksum>https://raw.githubusercontent.com/jsergio123/zips/master/addons.xml.md5</checksum>
            <datadir zip="true">https://raw.githubusercontent.com/jsergio123/zips/master/</datadir>
        </dir>
	</extension>
	<extension point="xbmc.addon.metadata">
		<summary>GRecoTM Repository</summary>
		<description>All you need for a GREEK KODI-ΟΤΙ χρειάζεσαι για ένα Ελληνικό KODI</description>
		<platform>all</platform>
	</extension>
</addon>

