<?xml version="1.0" encoding="UTF-8"?>
<addon id="repository.gnext18latino" name="gNext18Latino Repository" version="1.0.1" provider-name="gNext18Latino">
    <requires>
        <import addon="xbmc.addon" version="12.0.0"/>
    </requires>
    <extension point="xbmc.addon.repository" name="gNext18Latino Repository">
        <info compressed="false">https://raw.githubusercontent.com/gnext18latino/gnext18-addon/master/_repo/addons.xml</info>
        <checksum>https://raw.githubusercontent.com/gnext18latino/gnext18-addon/master/_repo/addons.xml.md5</checksum>
        <datadir zip="true">https://raw.githubusercontent.com/gnext18latino/gnext18-addon/master/_repo/</datadir>
        <hashes>false</hashes>
    </extension>
    <extension point="xbmc.addon.metadata">
        <summary>Install all of gNext18Latino Addons</summary>
        <description>Download and Install Addons From gNext18Latino For Official Support Visit gNext18LatinoBuilds</description>
        <platform>all</platform>
	</extension>
</addon>