<?xml version="1.0" encoding="UTF-8" standalone="yes"?>
<addon id="plugin.video.gnext18latino" name="gNext18Latino" version="1.0.4" provider-name="gNext18Latino">
  <requires>
    <import addon="xbmc.python" version="2.1.0"/>
    <import addon="script.module.t0mm0.common" version="2.0.0"/>
    <import addon="script.module.beautifulsoup"/>
    <import addon="script.module.simple.downloader"/>
    <import addon="script.module.beautifulsoup4"/>
    <import addon="script.module.requests"/>
    <import addon="script.module.httplib2"/>
    <import addon="script.module.youtube.dl"/>
    <import addon="plugin.video.youtube"/>
    <import addon="script.module.urlresolver" version="5.0.20"/>
    <import addon="script.module.simplejson"/>
    <import addon="script.common.plugin.cache" version="2.5.2"/>
    <import addon="script.module.metahandler" version="2.5.1"/>
    <import addon="script.module.resolveurl" version="5.0.00"/>
  </requires>
  <extension point="xbmc.python.pluginsource" library="default.py">
    <provides>video</provides>
  </extension>
  <extension point="xbmc.addon.metadata">
    <summary lang="en">Powered by gNext18Latino</summary>
    <description lang="en">gNext18Latino disfruta del mejor contenido multimedia es compartido totalmente gratis para toda la familia y amigos el uso del mismo es responsabilidad del quien lo instale y lo utilize, con el fin de poder disfrutarlo gratuitamente. En este complemento no aloja ni distribuye ninguno de los contenidos mostrados ni tienen afiliacion con los proveedores de los sitios gratuitos que se encuentran en internet.</description>
    <platform>all</platform>
  </extension>
</addon>
